,Position,Identity,color,paste_to_pymol
0,1,0.71,br2,"color br2, resi 1 "
1,2,0.37,br6,"color br6, resi 2 "
2,3,0.38,br6,"color br6, resi 3 "
3,4,0.3,br7,"color br7, resi 4 "
4,5,0.3,br7,"color br7, resi 5 "
5,6,0.29,br7,"color br7, resi 6 "
6,7,0.22,br7,"color br7, resi 7 "
7,8,0.24,br7,"color br7, resi 8 "
8,9,0.45,br5,"color br5, resi 9 "
9,10,0.25,br7,"color br7, resi 10 "
10,11,0.46,br5,"color br5, resi 11 "
11,12,0.53,br4,"color br4, resi 12 "
12,13,0.91,br0,"color br0, resi 13 "
13,14,0.33,br6,"color br6, resi 14 "
14,15,0.34,br6,"color br6, resi 15 "
15,16,0.84,br1,"color br1, resi 16 "
16,17,0.78,br2,"color br2, resi 17 "
17,18,0.41,br5,"color br5, resi 18 "
18,19,0.36,br6,"color br6, resi 19 "
19,20,0.86,br1,"color br1, resi 20 "
20,21,0.25,br7,"color br7, resi 21 "
21,22,0.39,br6,"color br6, resi 22 "
22,23,0.52,br4,"color br4, resi 23 "
23,24,0.43,br5,"color br5, resi 24 "
24,25,0.37,br6,"color br6, resi 25 "
25,26,0.28,br7,"color br7, resi 26 "
26,27,0.3,br7,"color br7, resi 27 "
27,28,1.0,br0,"color br0, resi 28 "
28,29,0.28,br7,"color br7, resi 29 "
29,30,0.4,br5,"color br5, resi 30 "
30,31,0.92,br0,"color br0, resi 31 "
31,32,0.44,br5,"color br5, resi 32 "
32,33,0.95,br0,"color br0, resi 33 "
33,34,0.53,br4,"color br4, resi 34 "
34,35,0.82,br1,"color br1, resi 35 "
35,36,0.41,br5,"color br5, resi 36 "
36,37,0.53,br4,"color br4, resi 37 "
37,38,0.99,br0,"color br0, resi 38 "
38,39,0.3,br7,"color br7, resi 39 "
39,40,0.18,br8,"color br8, resi 40 "
40,41,0.52,br4,"color br4, resi 41 "
41,42,0.98,br0,"color br0, resi 42 "
42,43,0.99,br0,"color br0, resi 43 "
43,44,0.53,br4,"color br4, resi 44 "
44,45,0.53,br4,"color br4, resi 45 "
45,46,0.52,br4,"color br4, resi 46 "
46,47,1.0,br0,"color br0, resi 47 "
47,48,0.53,br4,"color br4, resi 48 "
48,49,1.0,br0,"color br0, resi 49 "
49,50,0.52,br4,"color br4, resi 50 "
50,51,0.88,br1,"color br1, resi 51 "
51,52,0.99,br0,"color br0, resi 52 "
52,53,0.44,br5,"color br5, resi 53 "
53,54,0.5,br4,"color br4, resi 54 "
54,55,1.0,br0,"color br0, resi 55 "
55,56,0.44,br5,"color br5, resi 56 "
56,57,0.35,br6,"color br6, resi 57 "
57,58,0.52,br4,"color br4, resi 58 "
58,59,0.53,br4,"color br4, resi 59 "
59,60,0.31,br6,"color br6, resi 60 "
60,61,0.34,br6,"color br6, resi 61 "
61,62,0.62,br3,"color br3, resi 62 "
62,63,0.5,br4,"color br4, resi 63 "
63,64,0.5,br4,"color br4, resi 64 "
64,65,0.38,br6,"color br6, resi 65 "
65,66,0.48,br5,"color br5, resi 66 "
66,67,0.46,br5,"color br5, resi 67 "
67,68,0.4,br5,"color br5, resi 68 "
68,69,0.35,br6,"color br6, resi 69 "
69,70,0.7,br3,"color br3, resi 70 "
70,71,0.19,br8,"color br8, resi 71 "
71,72,0.22,br7,"color br7, resi 72 "
72,73,0.43,br5,"color br5, resi 73 "
73,74,0.47,br5,"color br5, resi 74 "
74,75,0.4,br5,"color br5, resi 75 "
75,76,0.35,br6,"color br6, resi 76 "
76,77,0.44,br5,"color br5, resi 77 "
77,78,0.17,br8,"color br8, resi 78 "
78,79,0.28,br7,"color br7, resi 79 "
79,80,0.23,br7,"color br7, resi 80 "
80,81,0.55,br4,"color br4, resi 81 "
81,82,0.9,br0,"color br0, resi 82 "
82,83,0.34,br6,"color br6, resi 83 "
83,84,0.56,br4,"color br4, resi 84 "
84,85,0.48,br5,"color br5, resi 85 "
85,86,0.26,br7,"color br7, resi 86 "
86,87,0.18,br8,"color br8, resi 87 "
87,88,0.46,br5,"color br5, resi 88 "
88,89,0.28,br7,"color br7, resi 89 "
89,90,0.57,br4,"color br4, resi 90 "
90,91,0.3,br7,"color br7, resi 91 "
91,92,0.39,br6,"color br6, resi 92 "
92,93,0.51,br4,"color br4, resi 93 "
93,94,0.26,br7,"color br7, resi 94 "
94,95,0.36,br6,"color br6, resi 95 "
95,96,0.37,br6,"color br6, resi 96 "
96,97,0.48,br5,"color br5, resi 97 "
97,98,0.19,br8,"color br8, resi 98 "
98,99,0.44,br5,"color br5, resi 99 "
99,100,0.21,br7,"color br7, resi 100 "
100,101,0.38,br6,"color br6, resi 101 "
101,102,0.36,br6,"color br6, resi 102 "
102,103,0.51,br4,"color br4, resi 103 "
103,104,0.79,br2,"color br2, resi 104 "
104,105,0.45,br5,"color br5, resi 105 "
105,106,0.32,br6,"color br6, resi 106 "
106,107,0.37,br6,"color br6, resi 107 "
107,108,0.9,br0,"color br0, resi 108 "
108,109,0.64,br3,"color br3, resi 109 "
109,110,0.16,br8,"color br8, resi 110 "
110,111,0.2,br7,"color br7, resi 111 "
111,112,0.39,br6,"color br6, resi 112 "
112,113,0.35,br6,"color br6, resi 113 "
113,114,0.44,br5,"color br5, resi 114 "
114,115,0.7,br3,"color br3, resi 115 "
115,116,0.52,br4,"color br4, resi 116 "
116,117,0.52,br4,"color br4, resi 117 "
117,118,0.41,br5,"color br5, resi 118 "
118,119,0.73,br2,"color br2, resi 119 "
119,120,0.51,br4,"color br4, resi 120 "
120,121,0.31,br6,"color br6, resi 121 "
121,122,0.44,br5,"color br5, resi 122 "
122,123,0.43,br5,"color br5, resi 123 "
123,124,0.51,br4,"color br4, resi 124 "
124,125,0.26,br7,"color br7, resi 125 "
125,126,0.2,br7,"color br7, resi 126 "
126,127,0.92,br0,"color br0, resi 127 "
127,128,0.33,br6,"color br6, resi 128 "
128,129,0.3,br7,"color br7, resi 129 "
129,130,0.39,br6,"color br6, resi 130 "
130,131,0.33,br6,"color br6, resi 131 "
131,132,0.39,br6,"color br6, resi 132 "
132,133,0.29,br7,"color br7, resi 133 "
133,134,0.28,br7,"color br7, resi 134 "
134,135,0.41,br5,"color br5, resi 135 "
135,136,0.61,br3,"color br3, resi 136 "
136,137,0.18,br8,"color br8, resi 137 "
137,138,0.09,br9,"color br9, resi 138 "
138,139,0.14,br8,"color br8, resi 139 "
139,140,0.38,br6,"color br6, resi 140 "
140,141,0.43,br5,"color br5, resi 141 "
141,142,0.23,br7,"color br7, resi 142 "
142,143,0.43,br5,"color br5, resi 143 "
143,144,0.27,br7,"color br7, resi 144 "
144,145,0.87,br1,"color br1, resi 145 "
145,146,0.44,br5,"color br5, resi 146 "
146,147,0.43,br5,"color br5, resi 147 "
147,148,0.33,br6,"color br6, resi 148 "
148,149,0.2,br7,"color br7, resi 149 "
149,150,0.21,br7,"color br7, resi 150 "
150,151,0.88,br1,"color br1, resi 151 "
151,152,0.41,br5,"color br5, resi 152 "
152,153,0.5,br4,"color br4, resi 153 "
153,154,0.25,br7,"color br7, resi 154 "
154,155,0.35,br6,"color br6, resi 155 "
155,156,0.21,br7,"color br7, resi 156 "
156,157,0.17,br8,"color br8, resi 157 "
157,158,0.29,br7,"color br7, resi 158 "
158,159,0.8,br1,"color br1, resi 159 "
159,160,0.41,br5,"color br5, resi 160 "
160,161,0.18,br8,"color br8, resi 161 "
161,162,0.27,br7,"color br7, resi 162 "
162,163,0.46,br5,"color br5, resi 163 "
163,164,0.92,br0,"color br0, resi 164 "
164,165,0.19,br8,"color br8, resi 165 "
165,166,0.24,br7,"color br7, resi 166 "
166,167,0.49,br5,"color br5, resi 167 "
167,168,0.33,br6,"color br6, resi 168 "
168,169,0.67,br3,"color br3, resi 169 "
169,170,0.36,br6,"color br6, resi 170 "
170,171,0.3,br7,"color br7, resi 171 "
171,172,0.49,br5,"color br5, resi 172 "
172,173,1.0,br0,"color br0, resi 173 "
173,174,0.24,br7,"color br7, resi 174 "
174,175,0.43,br5,"color br5, resi 175 "
175,176,0.21,br7,"color br7, resi 176 "
176,177,0.49,br5,"color br5, resi 177 "
177,178,0.42,br5,"color br5, resi 178 "
178,179,0.5,br4,"color br4, resi 179 "
179,180,0.5,br4,"color br4, resi 180 "
180,181,0.39,br6,"color br6, resi 181 "
181,182,0.35,br6,"color br6, resi 182 "
182,183,0.46,br5,"color br5, resi 183 "
183,184,0.35,br6,"color br6, resi 184 "
184,185,0.33,br6,"color br6, resi 185 "
185,186,0.17,br8,"color br8, resi 186 "
186,187,0.46,br5,"color br5, resi 187 "
187,188,0.33,br6,"color br6, resi 188 "
188,189,0.16,br8,"color br8, resi 189 "
189,190,0.26,br7,"color br7, resi 190 "
190,191,0.49,br5,"color br5, resi 191 "
191,192,0.37,br6,"color br6, resi 192 "
192,193,0.35,br6,"color br6, resi 193 "
193,194,0.88,br1,"color br1, resi 194 "
194,195,0.26,br7,"color br7, resi 195 "
195,196,0.34,br6,"color br6, resi 196 "
196,197,0.32,br6,"color br6, resi 197 "
197,198,0.21,br7,"color br7, resi 198 "
198,199,0.3,br7,"color br7, resi 199 "
199,200,0.41,br5,"color br5, resi 200 "
200,201,0.38,br6,"color br6, resi 201 "
201,202,0.34,br6,"color br6, resi 202 "
202,203,0.47,br5,"color br5, resi 203 "
203,204,0.43,br5,"color br5, resi 204 "
204,205,0.66,br3,"color br3, resi 205 "
205,206,0.87,br1,"color br1, resi 206 "
206,207,0.39,br6,"color br6, resi 207 "
207,208,0.91,br0,"color br0, resi 208 "
208,209,0.87,br1,"color br1, resi 209 "
209,210,0.4,br5,"color br5, resi 210 "
210,211,0.07,br9,"color br9, resi 211 "
